"2020-05-27 00:00:00" ;6,99
"2020-05-28 00:00:00" ;6,93
"2020-05-29 00:00:00" ;7,13
"2020-06-01 00:00:00" ;7,13
"2020-06-02 00:00:00" ;7,5
"2020-06-03 00:00:00" ;7,53
"2020-06-04 00:00:00" ;7,51
"2020-06-05 00:00:00" ;7,75
"2020-06-08 00:00:00" ;7,9
"2020-06-09 00:00:00" ;7,62
"2020-06-10 00:00:00" ;7,5
"2020-06-12 00:00:00" ;7,22
"2020-06-15 00:00:00" ;7,26
"2020-06-16 00:00:00" ;7,49
"2020-06-17 00:00:00" ;7,52
"2020-06-18 00:00:00" ;7,57
"2020-06-19 00:00:00" ;7,53
"2020-06-22 00:00:00" ;7,35
"2020-06-23 00:00:00" ;7,59
"2020-06-24 00:00:00" ;7,36
"2020-06-25 00:00:00" ;7,53
"2020-06-26 00:00:00" ;7,31
"2020-06-29 00:00:00" ;7,6
"2020-06-30 00:00:00" ;7,56
"2020-07-01 00:00:00" ;7,61
"2020-07-02 00:00:00" ;7,74
"2020-07-03 00:00:00" ;7,71
"2020-07-06 00:00:00" ;7,89
"2020-07-07 00:00:00" ;7,8
"2020-07-08 00:00:00" ;7,94
"2020-07-09 00:00:00" ;7,76
"2020-07-10 00:00:00" ;7,89
"2020-07-13 00:00:00" ;7,77
"2020-07-14 00:00:00" ;8,03
"2020-07-15 00:00:00" ;8,18
"2020-07-16 00:00:00" ;7,97
"2020-07-17 00:00:00" ;7,97
"2020-07-20 00:00:00" ;7,97
"2020-07-21 00:00:00" ;8,2
"2020-07-22 00:00:00" ;8,08
"2020-07-23 00:00:00" ;7,91
"2020-07-24 00:00:00" ;7,97
"2020-07-27 00:00:00" ;8,14
"2020-07-28 00:00:00" ;8
"2020-07-29 00:00:00" ;8,13
"2020-07-30 00:00:00" ;8
"2020-07-31 00:00:00" ;7,79
"2020-08-03 00:00:00" ;7,64
"2020-08-04 00:00:00" ;7,64
"2020-08-05 00:00:00" ;8,13
"2020-08-06 00:00:00" ;8,14
"2020-08-07 00:00:00" ;7,99
"2020-08-10 00:00:00" ;8,22
"2020-08-11 00:00:00" ;8,09
"2020-08-12 00:00:00" ;8,23
"2020-08-13 00:00:00" ;8,01
"2020-08-14 00:00:00" ;7,95
"2020-08-17 00:00:00" ;7,93
"2020-08-18 00:00:00" ;8,07
"2020-08-19 00:00:00" ;8,03
"2020-08-20 00:00:00" ;7,97
"2020-08-21 00:00:00" ;7,91
"2020-08-24 00:00:00" ;8,05
"2020-08-25 00:00:00" ;8,02
"2020-08-26 00:00:00" ;7,79
"2020-08-27 00:00:00" ;7,77
"2020-08-28 00:00:00" ;7,9
"2020-08-31 00:00:00" ;7,68
"2020-09-01 00:00:00" ;8,02
"2020-09-02 00:00:00" ;8
"2020-09-03 00:00:00" ;8,02
"2020-09-04 00:00:00" ;8,04
"2020-09-08 00:00:00" ;7,81
"2020-09-09 00:00:00" ;7,97
"2020-09-10 00:00:00" ;7,76
"2020-09-11 00:00:00" ;7,67
"2020-09-14 00:00:00" ;7,6
"2020-09-15 00:00:00" ;7,6
"2020-09-16 00:00:00" ;7,62
"2020-09-17 00:00:00" ;7,77
"2020-09-18 00:00:00" ;7,59
"2020-09-21 00:00:00" ;7,33
"2020-09-22 00:00:00" ;7,29
"2020-09-23 00:00:00" ;7,09
"2020-09-24 00:00:00" ;7,15
"2020-09-25 00:00:00" ;7,06
"2020-09-28 00:00:00" ;6,88
"2020-09-29 00:00:00" ;6,77
"2020-09-30 00:00:00" ;6,88
"2020-10-01 00:00:00" ;6,96
"2020-10-02 00:00:00" ;6,67
"2020-10-05 00:00:00" ;7,02
"2020-10-06 00:00:00" ;6,99
"2020-10-07 00:00:00" ;6,94
"2020-10-08 00:00:00" ;7,17
"2020-10-09 00:00:00" ;6,94
"2020-10-13 00:00:00" ;7,06
"2020-10-14 00:00:00" ;7
"2020-10-15 00:00:00" ;6,93
"2020-10-16 00:00:00" ;6,78
"2020-10-19 00:00:00" ;6,85
"2020-10-20 00:00:00" ;7,08
"2020-10-21 00:00:00" ;7,07
"2020-10-22 00:00:00" ;7,31
"2020-10-23 00:00:00" ;7,21
"2020-10-26 00:00:00" ;7,1
"2020-10-27 00:00:00" ;6,97
"2020-10-28 00:00:00" ;6,55
"2020-10-29 00:00:00" ;6,76
"2020-10-30 00:00:00" ;6,64
"2020-11-03 00:00:00" ;6,89
"2020-11-04 00:00:00" ;6,92
"2020-11-05 00:00:00" ;6,97
"2020-11-06 00:00:00" ;6,93
"2020-11-09 00:00:00" ;7,58
"2020-11-10 00:00:00" ;8,09
"2020-11-11 00:00:00" ;8,02
"2020-11-12 00:00:00" ;7,68
"2020-11-13 00:00:00" ;7,94
"2020-11-16 00:00:00" ;8,17
"2020-11-17 00:00:00" ;8,31
"2020-11-18 00:00:00" ;8,26
"2020-11-19 00:00:00" ;8,35
"2020-11-20 00:00:00" ;8,29
"2020-11-23 00:00:00" ;8,8
"2020-11-24 00:00:00" ;9,19
"2020-11-25 00:00:00" ;9,21
"2020-11-26 00:00:00" ;9,05
"2020-11-27 00:00:00" ;8,94
"2020-11-30 00:00:00" ;8,73
"2020-12-01 00:00:00" ;8,98
"2020-12-02 00:00:00" ;9,09
"2020-12-03 00:00:00" ;9,34
"2020-12-04 00:00:00" ;9,65
"2020-12-07 00:00:00" ;9,47
"2020-12-08 00:00:00" ;9,35
"2020-12-09 00:00:00" ;9,45
"2020-12-10 00:00:00" ;9,76
"2020-12-11 00:00:00" ;9,67
"2020-12-14 00:00:00" ;9,69
"2020-12-15 00:00:00" ;9,77
"2020-12-16 00:00:00" ;9,89
"2020-12-17 00:00:00" ;9,9
"2020-12-18 00:00:00" ;9,85
"2020-12-21 00:00:00" ;9,48
"2020-12-22 00:00:00" ;9,57
"2020-12-23 00:00:00" ;9,8
"2020-12-28 00:00:00" ;9,88
"2020-12-29 00:00:00" ;9,91
"2020-12-30 00:00:00" ;9,94
"2021-01-04 00:00:00" ;10,14
"2021-01-05 00:00:00" ;10,53
"2021-01-06 00:00:00" ;10,54
"2021-01-07 00:00:00" ;10,87
"2021-01-08 00:00:00" ;10,91
"2021-01-11 00:00:00" ;10,82
"2021-01-12 00:00:00" ;10,74
"2021-01-13 00:00:00" ;10,22
"2021-01-14 00:00:00" ;10,33
"2021-01-15 00:00:00" ;9,86
"2021-01-18 00:00:00" ;9,84
"2021-01-19 00:00:00" ;10,06
"2021-01-20 00:00:00" ;9,89
"2021-01-21 00:00:00" ;9,66
"2021-01-22 00:00:00" ;9,5
"2021-01-26 00:00:00" ;9,47
"2021-01-27 00:00:00" ;9,6
"2021-01-28 00:00:00" ;9,73
"2021-01-29 00:00:00" ;9,36
"2021-02-01 00:00:00" ;9,65
"2021-02-02 00:00:00" ;10,05
"2021-02-03 00:00:00" ;10,12
"2021-02-04 00:00:00" ;10,11
"2021-02-05 00:00:00" ;10,18
"2021-02-08 00:00:00" ;9,86
"2021-02-09 00:00:00" ;9,66
"2021-02-10 00:00:00" ;9,75
"2021-02-11 00:00:00" ;9,85
"2021-02-12 00:00:00" ;9,97
"2021-02-17 00:00:00" ;10,38
"2021-02-18 00:00:00" ;10,26
"2021-02-19 00:00:00" ;9,58
"2021-02-22 00:00:00" ;7,52
"2021-02-23 00:00:00" ;8,44
"2021-02-24 00:00:00" ;8,56
"2021-02-25 00:00:00" ;8,13
"2021-02-26 00:00:00" ;7,8
"2021-03-01 00:00:00" ;7,71
"2021-03-02 00:00:00" ;7,71
"2021-03-03 00:00:00" ;7,43
"2021-03-04 00:00:00" ;7,79
"2021-03-05 00:00:00" ;7,85
"2021-03-08 00:00:00" ;7,4
"2021-03-09 00:00:00" ;7,57
"2021-03-10 00:00:00" ;7,83
"2021-03-11 00:00:00" ;8,17
"2021-03-12 00:00:00" ;8,13
"2021-03-15 00:00:00" ;8,29
"2021-03-16 00:00:00" ;8,16
"2021-03-17 00:00:00" ;8,44
"2021-03-18 00:00:00" ;8,15
"2021-03-19 00:00:00" ;8,42
"2021-03-22 00:00:00" ;8,25
"2021-03-23 00:00:00" ;8
"2021-03-24 00:00:00" ;8
"2021-03-25 00:00:00" ;8,14
"2021-03-26 00:00:00" ;8,23
"2021-03-29 00:00:00" ;8,36
"2021-03-30 00:00:00" ;8,36
"2021-03-31 00:00:00" ;8,45
"2021-04-01 00:00:00" ;8,38
"2021-04-05 00:00:00" ;8,43
"2021-04-06 00:00:00" ;8,42
"2021-04-07 00:00:00" ;8,42
"2021-04-08 00:00:00" ;8,31
"2021-04-09 00:00:00" ;8,29
"2021-04-12 00:00:00" ;8,38
"2021-04-13 00:00:00" ;8,38
"2021-04-14 00:00:00" ;8,54
"2021-04-15 00:00:00" ;8,37
"2021-04-16 00:00:00" ;8,32
"2021-04-19 00:00:00" ;8,8
"2021-04-20 00:00:00" ;8,63
"2021-04-22 00:00:00" ;8,59
"2021-04-23 00:00:00" ;8,59
"2021-04-26 00:00:00" ;8,62
"2021-04-27 00:00:00" ;8,37
"2021-04-28 00:00:00" ;8,68
"2021-04-29 00:00:00" ;8,56
"2021-04-30 00:00:00" ;8,56
"2021-05-03 00:00:00" ;8,49
"2021-05-04 00:00:00" ;8,3
"2021-05-05 00:00:00" ;8,64
"2021-05-06 00:00:00" ;8,52
"2021-05-07 00:00:00" ;8,84
"2021-05-10 00:00:00" ;8,95
"2021-05-11 00:00:00" ;9,12
"2021-05-12 00:00:00" ;8,98
"2021-05-13 00:00:00" ;9,06
"2021-05-14 00:00:00" ;9,52
"2021-05-17 00:00:00" ;9,66
"2021-05-18 00:00:00" ;9,55
"2021-05-19 00:00:00" ;9,48
"2021-05-20 00:00:00" ;9,4
"2021-05-21 00:00:00" ;9,41
"2021-05-24 00:00:00" ;9,56
"2021-05-25 00:00:00" ;9,37
"2021-05-26 00:00:00" ;9,46
"2021-05-27 00:00:00" ;9,39
"2021-05-28 00:00:00" ;9,78
"2021-05-31 00:00:00" ;9,74
"2021-06-01 00:00:00" ;9,89
"2021-06-02 00:00:00" ;10,17
"2021-06-04 00:00:00" ;10,33
"2021-06-07 00:00:00" ;10,25
"2021-06-08 00:00:00" ;10,39
"2021-06-09 00:00:00" ;10,39
"2021-06-10 00:00:00" ;10,39
"2021-06-11 00:00:00" ;10,35
"2021-06-14 00:00:00" ;10,42
"2021-06-15 00:00:00" ;10,52
"2021-06-16 00:00:00" ;10,56
"2021-06-17 00:00:00" ;10,2
"2021-06-18 00:00:00" ;10,26
"2021-06-21 00:00:00" ;10,49
"2021-06-22 00:00:00" ;10,55
"2021-06-23 00:00:00" ;10,62
"2021-06-24 00:00:00" ;10,75
"2021-06-25 00:00:00" ;10,55
"2021-06-28 00:00:00" ;10,53
"2021-06-29 00:00:00" ;10,58
"2021-06-30 00:00:00" ;10,67
"2021-07-01 00:00:00" ;10,53
"2021-07-02 00:00:00" ;10,58
"2021-07-05 00:00:00" ;10,46
"2021-07-06 00:00:00" ;10,03
"2021-07-07 00:00:00" ;10,17
"2021-07-08 00:00:00" ;9,96
"2021-07-12 00:00:00" ;10,05
"2021-07-13 00:00:00" ;10,11
"2021-07-14 00:00:00" ;10,03
"2021-07-15 00:00:00" ;9,81
"2021-07-16 00:00:00" ;9,67
"2021-07-19 00:00:00" ;9,51
"2021-07-20 00:00:00" ;9,64
"2021-07-21 00:00:00" ;9,77
"2021-07-22 00:00:00" ;9,75
"2021-07-23 00:00:00" ;9,69
"2021-07-26 00:00:00" ;9,96
"2021-07-27 00:00:00" ;9,84
"2021-07-28 00:00:00" ;10,04
"2021-07-29 00:00:00" ;10,08
"2021-07-30 00:00:00" ;9,75
"2021-08-02 00:00:00" ;9,57
"2021-08-03 00:00:00" ;9,73
"2021-08-04 00:00:00" ;9,52
"2021-08-05 00:00:00" ;10,27
"2021-08-06 00:00:00" ;10,29
"2021-08-09 00:00:00" ;10,22
"2021-08-10 00:00:00" ;10,25
"2021-08-11 00:00:00" ;10,39
"2021-08-12 00:00:00" ;10,55
"2021-08-13 00:00:00" ;10,64
"2021-08-16 00:00:00" ;10,38
"2021-08-17 00:00:00" ;10,38
"2021-08-18 00:00:00" ;10,29
"2021-08-19 00:00:00" ;10,23
"2021-08-20 00:00:00" ;10,21
"2021-08-23 00:00:00" ;10,38
"2021-08-24 00:00:00" ;10,59
"2021-08-25 00:00:00" ;10,65
"2021-08-26 00:00:00" ;10,56
"2021-08-27 00:00:00" ;10,94
"2021-08-30 00:00:00" ;10,87
"2021-08-31 00:00:00" ;10,44
"2021-09-01 00:00:00" ;10,38
"2021-09-02 00:00:00" ;10,21
"2021-09-03 00:00:00" ;10,11
"2021-09-06 00:00:00" ;10,16
"2021-09-08 00:00:00" ;9,59
"2021-09-09 00:00:00" ;9,79
"2021-09-10 00:00:00" ;9,73
"2021-09-13 00:00:00" ;10,07
"2021-09-14 00:00:00" ;9,94
"2021-09-15 00:00:00" ;10,11
"2021-09-16 00:00:00" ;10,02
"2021-09-17 00:00:00" ;9,57
"2021-09-20 00:00:00" ;9,47
"2021-09-21 00:00:00" ;9,68
"2021-09-22 00:00:00" ;9,93
"2021-09-23 00:00:00" ;10,31
"2021-09-24 00:00:00" ;10,33
"2021-09-27 00:00:00" ;10,42
"2021-09-28 00:00:00" ;10,35
"2021-09-29 00:00:00" ;10,52
"2021-09-30 00:00:00" ;10,46
"2021-10-01 00:00:00" ;10,75
"2021-10-04 00:00:00" ;11,06
"2021-10-05 00:00:00" ;11,3
"2021-10-06 00:00:00" ;11
"2021-10-07 00:00:00" ;10,98
"2021-10-08 00:00:00" ;11,18
"2021-10-11 00:00:00" ;11,26
"2021-10-13 00:00:00" ;11,38
"2021-10-14 00:00:00" ;11,4
"2021-10-15 00:00:00" ;11,37
"2021-10-18 00:00:00" ;11,31
"2021-10-19 00:00:00" ;10,76
"2021-10-20 00:00:00" ;10,91
"2021-10-21 00:00:00" ;10,54
"2021-10-22 00:00:00" ;10,44
"2021-10-25 00:00:00" ;11,15
"2021-10-26 00:00:00" ;11,04
"2021-10-27 00:00:00" ;11,02
"2021-10-28 00:00:00" ;11,12
"2021-10-29 00:00:00" ;10,46
"2021-11-01 00:00:00" ;10,75
"2021-11-03 00:00:00" ;10,31
"2021-11-04 00:00:00" ;9,98
"2021-11-05 00:00:00" ;9,93
"2021-11-08 00:00:00" ;10,03
"2021-11-09 00:00:00" ;10,23
"2021-11-10 00:00:00" ;10,15
"2021-11-11 00:00:00" ;10,16
"2021-11-12 00:00:00" ;10,36
"2021-11-16 00:00:00" ;10,47
"2021-11-17 00:00:00" ;10,21
"2021-11-18 00:00:00" ;10,19
"2021-11-19 00:00:00" ;10,02
"2021-11-22 00:00:00" ;10,12
"2021-11-23 00:00:00" ;10,68
"2021-11-24 00:00:00" ;10,89
"2021-11-25 00:00:00" ;11,37
"2021-11-26 00:00:00" ;10,93
"2021-11-29 00:00:00" ;11,32
"2021-11-30 00:00:00" ;11,3
"2021-12-01 00:00:00" ;11,37
"2021-12-02 00:00:00" ;12,2
"2021-12-03 00:00:00" ;12,37
"2021-12-06 00:00:00" ;12,43
"2021-12-07 00:00:00" ;12,63
"2021-12-08 00:00:00" ;12,63
"2021-12-09 00:00:00" ;12,6
"2021-12-10 00:00:00" ;12,76
"2021-12-13 00:00:00" ;12,68
"2021-12-14 00:00:00" ;12,53
"2021-12-15 00:00:00" ;12,61
"2021-12-16 00:00:00" ;12,77
"2021-12-17 00:00:00" ;12,47
"2021-12-20 00:00:00" ;12,12
"2021-12-21 00:00:00" ;12,13
"2021-12-22 00:00:00" ;12,12
"2021-12-23 00:00:00" ;12,19
"2021-12-27 00:00:00" ;12,37
"2021-12-28 00:00:00" ;12,38
"2021-12-29 00:00:00" ;12,28
"2021-12-30 00:00:00" ;12,24
"2022-01-03 00:00:00" ;12,52
"2022-01-04 00:00:00" ;12,56
"2022-01-05 00:00:00" ;12,08
"2022-01-06 00:00:00" ;12,02
"2022-01-07 00:00:00" ;12,12
"2022-01-10 00:00:00" ;12,05
"2022-01-11 00:00:00" ;12,41
"2022-01-12 00:00:00" ;12,79
"2022-01-13 00:00:00" ;13,05
"2022-01-14 00:00:00" ;13,53
"2022-01-17 00:00:00" ;13,55
"2022-01-18 00:00:00" ;13,61
"2022-01-19 00:00:00" ;13,55
"2022-01-20 00:00:00" ;13,65
"2022-01-21 00:00:00" ;13,67
"2022-01-24 00:00:00" ;13,75
"2022-01-25 00:00:00" ;14,19
"2022-01-26 00:00:00" ;14,57
"2022-01-27 00:00:00" ;14,58
"2022-01-28 00:00:00" ;14
"2022-01-31 00:00:00" ;13,92
"2022-02-01 00:00:00" ;14,2
"2022-02-02 00:00:00" ;13,99
"2022-02-03 00:00:00" ;13,8
"2022-02-04 00:00:00" ;14,04
"2022-02-07 00:00:00" ;13,83
"2022-02-08 00:00:00" ;13,7
"2022-02-09 00:00:00" ;13,75
"2022-02-10 00:00:00" ;13,96
"2022-02-11 00:00:00" ;14,53
"2022-02-14 00:00:00" ;14,2
"2022-02-15 00:00:00" ;13,97
"2022-02-16 00:00:00" ;14,17
"2022-02-17 00:00:00" ;14,11
"2022-02-18 00:00:00" ;14,2
"2022-02-21 00:00:00" ;14,56
"2022-02-22 00:00:00" ;14,52
"2022-02-23 00:00:00" ;14,72
"2022-02-24 00:00:00" ;14,37
"2022-02-25 00:00:00" ;14,63
"2022-03-02 00:00:00" ;14,92
"2022-03-03 00:00:00" ;14,73
"2022-03-04 00:00:00" ;14,73
"2022-03-07 00:00:00" ;13,68
"2022-03-08 00:00:00" ;13,97
"2022-03-09 00:00:00" ;14,01
"2022-03-10 00:00:00" ;14,5
"2022-03-11 00:00:00" ;13,98
"2022-03-14 00:00:00" ;13,71
"2022-03-15 00:00:00" ;13,38
"2022-03-16 00:00:00" ;13,26
"2022-03-17 00:00:00" ;12,91
"2022-03-18 00:00:00" ;13,17
"2022-03-21 00:00:00" ;13,66
"2022-03-22 00:00:00" ;13,6
"2022-03-23 00:00:00" ;13,79
"2022-03-24 00:00:00" ;13,95
"2022-03-25 00:00:00" ;13,9
"2022-03-28 00:00:00" ;13,6
"2022-03-29 00:00:00" ;13,9
"2022-03-30 00:00:00" ;14,19
"2022-03-31 00:00:00" ;14,39
"2022-04-01 00:00:00" ;14,2
"2022-04-04 00:00:00" ;14,07
"2022-04-05 00:00:00" ;13,94
"2022-04-06 00:00:00" ;13,92
"2022-04-07 00:00:00" ;14,65
"2022-04-08 00:00:00" ;14,72
"2022-04-11 00:00:00" ;14,61
"2022-04-12 00:00:00" ;14,56
"2022-04-13 00:00:00" ;14,87
"2022-04-14 00:00:00" ;14,7
"2022-04-18 00:00:00" ;14,44
"2022-04-19 00:00:00" ;14,88
"2022-04-20 00:00:00" ;14,95
"2022-04-22 00:00:00" ;14,37
"2022-04-25 00:00:00" ;14,16
"2022-04-26 00:00:00" ;14,13
"2022-04-27 00:00:00" ;14,13
"2022-04-28 00:00:00" ;14,23
"2022-04-29 00:00:00" ;14,24
"2022-05-02 00:00:00" ;14,1
"2022-05-03 00:00:00" ;14,22
"2022-05-04 00:00:00" ;15,08
"2022-05-05 00:00:00" ;15,05
"2022-05-06 00:00:00" ;15,54
"2022-05-09 00:00:00" ;15,12
"2022-05-10 00:00:00" ;15,25
"2022-05-11 00:00:00" ;15,78
"2022-05-12 00:00:00" ;15,91
"2022-05-13 00:00:00" ;16,11
"2022-05-16 00:00:00" ;16,27
"2022-05-17 00:00:00" ;16,06
"2022-05-18 00:00:00" ;15,8
"2022-05-19 00:00:00" ;16,07
"2022-05-20 00:00:00" ;16,38
"2022-05-23 00:00:00" ;17,02
"2022-05-24 00:00:00" ;16,52
"2022-05-25 00:00:00" ;16,76
"2022-05-26 00:00:00" ;16,8
"2022-05-27 00:00:00" ;16
"2022-05-30 00:00:00" ;15,68
"2022-05-31 00:00:00" ;15,72
"2022-06-01 00:00:00" ;15,7
"2022-06-02 00:00:00" ;15,56
"2022-06-03 00:00:00" ;15,83
"2022-06-06 00:00:00" ;15,84
"2022-06-07 00:00:00" ;16,03
"2022-06-08 00:00:00" ;15,95
"2022-06-09 00:00:00" ;15,72
"2022-06-10 00:00:00" ;15,5
"2022-06-13 00:00:00" ;15,3
"2022-06-14 00:00:00" ;15,48
"2022-06-15 00:00:00" ;15,21
"2022-06-17 00:00:00" ;14,28
"2022-06-20 00:00:00" ;14,44
"2022-06-21 00:00:00" ;14,15
"2022-06-22 00:00:00" ;14,11
"2022-06-23 00:00:00" ;13,85
"2022-06-24 00:00:00" ;13,75
"2022-06-27 00:00:00" ;14,63
"2022-06-28 00:00:00" ;14,81
"2022-06-29 00:00:00" ;14,68
"2022-06-30 00:00:00" ;14,6
"2022-07-01 00:00:00" ;14,92
"2022-07-04 00:00:00" ;15,24
"2022-07-05 00:00:00" ;14,66
"2022-07-06 00:00:00" ;14,47
"2022-07-07 00:00:00" ;14,89
"2022-07-08 00:00:00" ;15,06
"2022-07-11 00:00:00" ;14,99
"2022-07-12 00:00:00" ;14,76
"2022-07-13 00:00:00" ;14,77
"2022-07-14 00:00:00" ;14,37
"2022-07-15 00:00:00" ;14,62
"2022-07-18 00:00:00" ;14,95
"2022-07-19 00:00:00" ;15,26
"2022-07-20 00:00:00" ;15,25
"2022-07-21 00:00:00" ;15,17
"2022-07-22 00:00:00" ;15,34
"2022-07-25 00:00:00" ;16,05
"2022-07-26 00:00:00" ;16,21
"2022-07-27 00:00:00" ;16,39
"2022-07-28 00:00:00" ;16,88
"2022-07-29 00:00:00" ;17,86
"2022-08-01 00:00:00" ;17,61
"2022-08-02 00:00:00" ;17,69
"2022-08-03 00:00:00" ;17,71
"2022-08-04 00:00:00" ;17,89
"2022-08-05 00:00:00" ;18,23
"2022-08-08 00:00:00" ;19,15
"2022-08-09 00:00:00" ;19,47
"2022-08-10 00:00:00" ;19,4
"2022-08-11 00:00:00" ;18,95
"2022-08-12 00:00:00" ;20,32
"2022-08-15 00:00:00" ;20,33
"2022-08-16 00:00:00" ;20,51
"2022-08-17 00:00:00" ;20,99
"2022-08-18 00:00:00" ;21,41
"2022-08-19 00:00:00" ;20,33
"2022-08-22 00:00:00" ;20,77
"2022-08-23 00:00:00" ;21,43
"2022-08-24 00:00:00" ;21,56
"2022-08-25 00:00:00" ;21,32
"2022-08-26 00:00:00" ;21,56
"2022-08-29 00:00:00" ;22,09
"2022-08-30 00:00:00" ;20,78
"2022-08-31 00:00:00" ;21,29
"2022-09-01 00:00:00" ;21,69
"2022-09-02 00:00:00" ;21,41
"2022-09-05 00:00:00" ;21,36
"2022-09-06 00:00:00" ;20,57
"2022-09-08 00:00:00" ;20,38
"2022-09-09 00:00:00" ;20,37
"2022-09-12 00:00:00" ;20,24
"2022-09-13 00:00:00" ;19,64
"2022-09-14 00:00:00" ;19,94
"2022-09-15 00:00:00" ;19,9
"2022-09-16 00:00:00" ;19,72
"2022-09-19 00:00:00" ;20,04
"2022-09-20 00:00:00" ;19,92
"2022-09-21 00:00:00" ;19,97
"2022-09-22 00:00:00" ;20,47
"2022-09-23 00:00:00" ;19,18
"2022-09-26 00:00:00" ;18,88
"2022-09-27 00:00:00" ;19,01
"2022-09-28 00:00:00" ;18,76
"2022-09-29 00:00:00" ;18,78
"2022-09-30 00:00:00" ;19,1
"2022-10-03 00:00:00" ;20,62
"2022-10-04 00:00:00" ;20,1
"2022-10-05 00:00:00" ;20,86
"2022-10-06 00:00:00" ;21,57
"2022-10-07 00:00:00" ;21,55
"2022-10-10 00:00:00" ;21,31
"2022-10-11 00:00:00" ;21,15
"2022-10-13 00:00:00" ;21,75
"2022-10-14 00:00:00" ;21,41
"2022-10-17 00:00:00" ;21,4
"2022-10-18 00:00:00" ;21,92
"2022-10-19 00:00:00" ;22,7
"2022-10-20 00:00:00" ;23,37
"2022-10-21 00:00:00" ;24,17
"2022-10-24 00:00:00" ;21,95
"2022-10-25 00:00:00" ;21,49
"2022-10-26 00:00:00" ;20,96
"2022-10-27 00:00:00" ;21,12
"2022-10-28 00:00:00" ;20,87
"2022-10-31 00:00:00" ;19,1
"2022-11-01 00:00:00" ;19,13
"2022-11-03 00:00:00" ;19,19
"2022-11-04 00:00:00" ;18,13
"2022-11-07 00:00:00" ;17,4
"2022-11-08 00:00:00" ;17,53
"2022-11-09 00:00:00" ;17,24
"2022-11-10 00:00:00" ;16,74
"2022-11-11 00:00:00" ;17,29
"2022-11-14 00:00:00" ;17,75
"2022-11-16 00:00:00" ;17,4
"2022-11-17 00:00:00" ;17,4
"2022-11-18 00:00:00" ;17,11
"2022-11-21 00:00:00" ;17,16
"2022-11-22 00:00:00" ;17,02
"2022-11-23 00:00:00" ;17,1
"2022-11-24 00:00:00" ;17,69
"2022-11-25 00:00:00" ;17,41
"2022-11-28 00:00:00" ;17,77
"2022-11-29 00:00:00" ;18,52
"2022-11-30 00:00:00" ;19,45
"2022-12-01 00:00:00" ;18,67
"2022-12-02 00:00:00" ;18,9
"2022-12-05 00:00:00" ;18,69
"2022-12-06 00:00:00" ;18,71
"2022-12-07 00:00:00" ;18,5
"2022-12-08 00:00:00" ;18,08
"2022-12-09 00:00:00" ;18,03
"2022-12-12 00:00:00" ;17,44
"2022-12-13 00:00:00" ;17,01
"2022-12-14 00:00:00" ;15,66
"2022-12-15 00:00:00" ;16,08
"2022-12-16 00:00:00" ;16,09
"2022-12-19 00:00:00" ;16,33
"2022-12-20 00:00:00" ;16,83
"2022-12-21 00:00:00" ;17,2
"2022-12-22 00:00:00" ;17,5
"2022-12-23 00:00:00" ;18,33
"2022-12-26 00:00:00" ;18,2
"2022-12-27 00:00:00" ;18,32
"2022-12-28 00:00:00" ;18,09
"2022-12-29 00:00:00" ;17,87
"2023-01-02 00:00:00" ;16,72
"2023-01-03 00:00:00" ;16,3
"2023-01-04 00:00:00" ;16,82
"2023-01-05 00:00:00" ;17,42
"2023-01-06 00:00:00" ;17,32
"2023-01-09 00:00:00" ;17,42
"2023-01-10 00:00:00" ;17,58
"2023-01-11 00:00:00" ;17,71
"2023-01-12 00:00:00" ;17,97
"2023-01-13 00:00:00" ;17,93
"2023-01-16 00:00:00" ;17,54
"2023-01-17 00:00:00" ;18,62
"2023-01-18 00:00:00" ;18,29
"2023-01-19 00:00:00" ;18,85
"2023-01-20 00:00:00" ;19,24
"2023-01-23 00:00:00" ;19,55
"2023-01-24 00:00:00" ;19,41
"2023-01-25 00:00:00" ;19,66
"2023-01-26 00:00:00" ;19,12
"2023-01-27 00:00:00" ;18,69
"2023-01-30 00:00:00" ;18,79
"2023-01-31 00:00:00" ;19,02
"2023-02-01 00:00:00" ;18,76
"2023-02-02 00:00:00" ;17,89
"2023-02-03 00:00:00" ;18,09
"2023-02-06 00:00:00" ;18,81
"2023-02-07 00:00:00" ;18,69
"2023-02-08 00:00:00" ;19,01
"2023-02-09 00:00:00" ;18,92
"2023-02-10 00:00:00" ;19,49
"2023-02-13 00:00:00" ;19,55
"2023-02-14 00:00:00" ;19,48
"2023-02-15 00:00:00" ;19,51
"2023-02-16 00:00:00" ;19,59
"2023-02-17 00:00:00" ;19,29
"2023-02-22 00:00:00" ;18,79
"2023-02-23 00:00:00" ;19,37
"2023-02-24 00:00:00" ;18,95
"2023-02-27 00:00:00" ;19,08
"2023-02-28 00:00:00" ;18,41
"2023-03-01 00:00:00" ;18,46
"2023-03-02 00:00:00" ;17,98
"2023-03-03 00:00:00" ;18,75
"2023-03-06 00:00:00" ;18,94
"2023-03-07 00:00:00" ;18,31
"2023-03-08 00:00:00" ;18,55
"2023-03-09 00:00:00" ;18,47
"2023-03-10 00:00:00" ;18,23
"2023-03-13 00:00:00" ;17,65
"2023-03-14 00:00:00" ;17,34
"2023-03-15 00:00:00" ;17,03
"2023-03-16 00:00:00" ;16,97
"2023-03-17 00:00:00" ;17,15
"2023-03-20 00:00:00" ;16,73
"2023-03-21 00:00:00" ;17,07
"2023-03-22 00:00:00" ;17,02
"2023-03-23 00:00:00" ;16,63
"2023-03-24 00:00:00" ;16,63
"2023-03-27 00:00:00" ;16,91
"2023-03-28 00:00:00" ;17,21
"2023-03-29 00:00:00" ;17,44
"2023-03-30 00:00:00" ;17,49
"2023-03-31 00:00:00" ;17,11
"2023-04-03 00:00:00" ;17,87
"2023-04-04 00:00:00" ;17,71
"2023-04-05 00:00:00" ;17,77
"2023-04-06 00:00:00" ;17,51
"2023-04-10 00:00:00" ;17,88
"2023-04-11 00:00:00" ;18,72
"2023-04-12 00:00:00" ;18,86
"2023-04-13 00:00:00" ;18,99
"2023-04-14 00:00:00" ;19,19
"2023-04-17 00:00:00" ;19,49
"2023-04-18 00:00:00" ;19,98
"2023-04-19 00:00:00" ;19,34
"2023-04-20 00:00:00" ;19,47
"2023-04-24 00:00:00" ;19,84
"2023-04-25 00:00:00" ;19,76
"2023-04-26 00:00:00" ;19,52
"2023-04-27 00:00:00" ;19,04
"2023-04-28 00:00:00" ;19,39
"2023-05-02 00:00:00" ;18,57
"2023-05-03 00:00:00" ;18,54
"2023-05-04 00:00:00" ;18,84
"2023-05-05 00:00:00" ;19,64
"2023-05-08 00:00:00" ;20,06
"2023-05-09 00:00:00" ;20,12
"2023-05-10 00:00:00" ;20,07
"2023-05-11 00:00:00" ;20,81
"2023-05-12 00:00:00" ;21,48
"2023-05-15 00:00:00" ;21
"2023-05-16 00:00:00" ;21,52
"2023-05-17 00:00:00" ;21
"2023-05-18 00:00:00" ;21,12
"2023-05-19 00:00:00" ;21,21
"2023-05-22 00:00:00" ;20,97
"2023-05-23 00:00:00" ;21,48
"2023-05-24 00:00:00" ;21,81
"2023-05-25 00:00:00" ;21,64
"2023-05-26 00:00:00" ;21,93
"2023-05-29 00:00:00" ;21,84
"2023-05-30 00:00:00" ;21,6
"2023-05-31 00:00:00" ;21,37
"2023-06-01 00:00:00" ;22,06
"2023-06-02 00:00:00" ;22,24
"2023-06-05 00:00:00" ;22,48
"2023-06-06 00:00:00" ;22,95
"2023-06-07 00:00:00" ;23,62
"2023-06-09 00:00:00" ;24,78
"2023-06-12 00:00:00" ;25,21
"2023-06-13 00:00:00" ;25,07
"2023-06-14 00:00:00" ;26,15
"2023-06-15 00:00:00" ;25,53
"2023-06-16 00:00:00" ;25,75
"2023-06-19 00:00:00" ;26,43
"2023-06-20 00:00:00" ;26,56
"2023-06-21 00:00:00" ;27,67
"2023-06-22 00:00:00" ;27,28
"2023-06-23 00:00:00" ;26,2
"2023-06-26 00:00:00" ;26,79
"2023-06-27 00:00:00" ;26,59
"2023-06-28 00:00:00" ;26,84
"2023-06-29 00:00:00" ;26,96
"2023-06-30 00:00:00" ;25,66
"2023-07-03 00:00:00" ;26,13
"2023-07-04 00:00:00" ;26,19
"2023-07-05 00:00:00" ;26,16
"2023-07-06 00:00:00" ;25,76
"2023-07-07 00:00:00" ;25,63
"2023-07-10 00:00:00" ;25,67
"2023-07-11 00:00:00" ;25,33
"2023-07-12 00:00:00" ;25,34
"2023-07-13 00:00:00" ;25,74
"2023-07-14 00:00:00" ;25,24
"2023-07-17 00:00:00" ;25,19
"2023-07-18 00:00:00" ;25,05
"2023-07-19 00:00:00" ;25,28
"2023-07-20 00:00:00" ;25,31
"2023-07-21 00:00:00" ;25,79
"2023-07-24 00:00:00" ;26,32
"2023-07-25 00:00:00" ;26,93
"2023-07-26 00:00:00" ;26,93
"2023-07-27 00:00:00" ;25,53
"2023-07-28 00:00:00" ;25,86
"2023-07-31 00:00:00" ;27,03
"2023-08-01 00:00:00" ;26,59
"2023-08-02 00:00:00" ;26,52
"2023-08-03 00:00:00" ;26,86
"2023-08-04 00:00:00" ;26,06
"2023-08-07 00:00:00" ;26,23
"2023-08-08 00:00:00" ;26,26
"2023-08-09 00:00:00" ;26,46
"2023-08-10 00:00:00" ;26,61
"2023-08-11 00:00:00" ;26,55
"2023-08-14 00:00:00" ;26,62
"2023-08-15 00:00:00" ;26,81
"2023-08-16 00:00:00" ;27,4
"2023-08-17 00:00:00" ;27,31
"2023-08-18 00:00:00" ;27,46
"2023-08-21 00:00:00" ;27,19
"2023-08-22 00:00:00" ;27,55
"2023-08-23 00:00:00" ;29,02
"2023-08-24 00:00:00" ;28,98
"2023-08-25 00:00:00" ;28,78
"2023-08-28 00:00:00" ;29,1
"2023-08-29 00:00:00" ;29,16
"2023-08-30 00:00:00" ;29,36
"2023-08-31 00:00:00" ;28,75
"2023-09-01 00:00:00" ;29,37
"2023-09-04 00:00:00" ;29,07
"2023-09-05 00:00:00" ;30,04
"2023-09-06 00:00:00" ;30,17
"2023-09-08 00:00:00" ;30,06
"2023-09-11 00:00:00" ;30,04
"2023-09-12 00:00:00" ;30,18
"2023-09-13 00:00:00" ;29,73
"2023-09-14 00:00:00" ;30,49
"2023-09-15 00:00:00" ;30,51
"2023-09-18 00:00:00" ;30,72
"2023-09-19 00:00:00" ;30,79
"2023-09-20 00:00:00" ;30,87
"2023-09-21 00:00:00" ;30,39
"2023-09-22 00:00:00" ;30,63
"2023-09-25 00:00:00" ;30,83
"2023-09-26 00:00:00" ;30,12
"2023-09-27 00:00:00" ;31,07
"2023-09-28 00:00:00" ;31,01
"2023-09-29 00:00:00" ;31,18
"2023-10-02 00:00:00" ;30,71
"2023-10-03 00:00:00" ;30,58
"2023-10-04 00:00:00" ;29,36
"2023-10-05 00:00:00" ;29,46
"2023-10-06 00:00:00" ;30,16
"2023-10-09 00:00:00" ;31,46
"2023-10-10 00:00:00" ;31,69
"2023-10-11 00:00:00" ;31,61
"2023-10-13 00:00:00" ;32,66
"2023-10-16 00:00:00" ;33,02
"2023-10-17 00:00:00" ;33,91
"2023-10-18 00:00:00" ;34,67
"2023-10-19 00:00:00" ;34,51
"2023-10-20 00:00:00" ;34,07
"2023-10-23 00:00:00" ;31,82
"2023-10-24 00:00:00" ;32,3
"2023-10-25 00:00:00" ;32,47
"2023-10-26 00:00:00" ;32,14
"2023-10-27 00:00:00" ;31,9
"2023-10-30 00:00:00" ;31,58
"2023-10-31 00:00:00" ;31,27
"2023-11-01 00:00:00" ;31,61
"2023-11-03 00:00:00" ;31,99
"2023-11-06 00:00:00" ;31,96
"2023-11-07 00:00:00" ;31,43
"2023-11-08 00:00:00" ;30,76
"2023-11-09 00:00:00" ;31,4
"2023-11-10 00:00:00" ;31,25
"2023-11-13 00:00:00" ;32,13
"2023-11-14 00:00:00" ;32,57
"2023-11-16 00:00:00" ;32
"2023-11-17 00:00:00" ;33,04
"2023-11-20 00:00:00" ;33,07
"2023-11-21 00:00:00" ;32,86
"2023-11-22 00:00:00" ;32,8
"2023-11-23 00:00:00" ;32,81
"2023-11-24 00:00:00" ;32,9
"2023-11-27 00:00:00" ;32,72
"2023-11-28 00:00:00" ;33,21
"2023-11-29 00:00:00" ;32,86
"2023-11-30 00:00:00" ;33,5
"2023-12-01 00:00:00" ;33,28
"2023-12-04 00:00:00" ;32,57
"2023-12-05 00:00:00" ;32,42
"2023-12-06 00:00:00" ;31,25
"2023-12-07 00:00:00" ;31,18
"2023-12-08 00:00:00" ;32,17
"2023-12-11 00:00:00" ;32,05
"2023-12-12 00:00:00" ;31,79
"2023-12-13 00:00:00" ;32,25
"2023-12-14 00:00:00" ;32,95
"2023-12-15 00:00:00" ;33,02
"2023-12-18 00:00:00" ;33,43
"2023-12-19 00:00:00" ;33,82
"2023-12-20 00:00:00" ;33,94
"2023-12-21 00:00:00" ;33,95
"2023-12-22 00:00:00" ;34,27
"2023-12-26 00:00:00" ;34,82
"2023-12-27 00:00:00" ;34,85
"2023-12-28 00:00:00" ;34,74
"2024-01-02 00:00:00" ;35,24
"2024-01-03 00:00:00" ;36,34
"2024-01-04 00:00:00" ;36,04
"2024-01-05 00:00:00" ;36,12
"2024-01-08 00:00:00" ;35,85
"2024-01-09 00:00:00" ;35,54
"2024-01-10 00:00:00" ;35,22
"2024-01-11 00:00:00" ;35,51
"2024-01-12 00:00:00" ;35,61
"2024-01-15 00:00:00" ;35,99
"2024-01-16 00:00:00" ;35,54
"2024-01-17 00:00:00" ;35,34
"2024-01-18 00:00:00" ;35,2
"2024-01-19 00:00:00" ;35,01
"2024-01-22 00:00:00" ;35,17
"2024-01-23 00:00:00" ;35,61
"2024-01-24 00:00:00" ;35,34
"2024-01-25 00:00:00" ;36,64
"2024-01-26 00:00:00" ;37,28
"2024-01-29 00:00:00" ;37,85
"2024-01-30 00:00:00" ;37,61
"2024-01-31 00:00:00" ;37,73
"2024-02-01 00:00:00" ;38,78
"2024-02-02 00:00:00" ;38,28
"2024-02-05 00:00:00" ;38,44
"2024-02-06 00:00:00" ;38,8
"2024-02-07 00:00:00" ;39,37
"2024-02-08 00:00:00" ;39,05
"2024-02-09 00:00:00" ;38,53
"2024-02-14 00:00:00" ;38,24
"2024-02-15 00:00:00" ;39,46
"2024-02-16 00:00:00" ;39,82
"2024-02-19 00:00:00" ;40,02
"2024-02-20 00:00:00" ;39,6
"2024-02-21 00:00:00" ;39,66
"2024-02-22 00:00:00" ;39,36
"2024-02-23 00:00:00" ;39,09
"2024-02-26 00:00:00" ;39,82
"2024-02-27 00:00:00" ;39,77
"2024-02-28 00:00:00" ;37,72
"2024-02-29 00:00:00" ;37,44
"2024-03-01 00:00:00" ;37,48
"2024-03-04 00:00:00" ;37,39
"2024-03-05 00:00:00" ;37,28
"2024-03-06 00:00:00" ;38,1
"2024-03-07 00:00:00" ;37,68
"2024-03-08 00:00:00" ;33,69
"2024-03-11 00:00:00" ;33,26
"2024-03-12 00:00:00" ;34,35
"2024-03-13 00:00:00" ;33,94
"2024-03-14 00:00:00" ;33,79
"2024-03-15 00:00:00" ;33,88
"2024-03-18 00:00:00" ;33,9
"2024-03-19 00:00:00" ;33,65
"2024-03-20 00:00:00" ;34,24
"2024-03-21 00:00:00" ;33,3
"2024-03-22 00:00:00" ;33,63
"2024-03-25 00:00:00" ;34,14
"2024-03-26 00:00:00" ;33,83
"2024-03-27 00:00:00" ;34,1
"2024-03-28 00:00:00" ;34,85
"2024-04-01 00:00:00" ;35,12
"2024-04-02 00:00:00" ;36,03
"2024-04-03 00:00:00" ;35,84
"2024-04-04 00:00:00" ;35,34
"2024-04-05 00:00:00" ;35,54
"2024-04-08 00:00:00" ;36,04
"2024-04-09 00:00:00" ;36,13
"2024-04-10 00:00:00" ;36,93
"2024-04-11 00:00:00" ;36,66
"2024-04-12 00:00:00" ;36,33
"2024-04-15 00:00:00" ;36,67
"2024-04-16 00:00:00" ;36,84
"2024-04-17 00:00:00" ;37,11
"2024-04-18 00:00:00" ;37,17
"2024-04-19 00:00:00" ;37,81
"2024-04-22 00:00:00" ;38,71
"2024-04-23 00:00:00" ;38,64
"2024-04-24 00:00:00" ;38,46
"2024-04-25 00:00:00" ;39,39
"2024-04-26 00:00:00" ;39,69
"2024-04-29 00:00:00" ;40,4
"2024-04-30 00:00:00" ;40,28
"2024-05-02 00:00:00" ;40,43
"2024-05-03 00:00:00" ;39,89
"2024-05-06 00:00:00" ;40,16
"2024-05-07 00:00:00" ;40,65
"2024-05-08 00:00:00" ;41,27
"2024-05-09 00:00:00" ;41,67
"2024-05-10 00:00:00" ;41,58
"2024-05-13 00:00:00" ;41,62
"2024-05-14 00:00:00" ;40,87
"2024-05-15 00:00:00" ;38,4
"2024-05-16 00:00:00" ;37,31
"2024-05-17 00:00:00" ;36,69
"2024-05-20 00:00:00" ;36,75
"2024-05-21 00:00:00" ;36,68
"2024-05-22 00:00:00" ;37,18
"2024-05-23 00:00:00" ;36,81
"2024-05-24 17:07:00" ;36,61